{
  "AMT_ANNUITY": 927927.2126780361,
  "ANNUITY_INCOME_PERC": 652854.6713726326,
  "APPROVED_APP_CREDIT_PERC_MAX": 778206.1443403334,
  "BURO_AMT_CREDIT_SUM_DEBT_SUM": 764122.2382854142,
  "BURO_AMT_CREDIT_SUM_MEDIAN": 387505.3399131636,
  "BURO_DAYS_CREDIT_MAX": -9205.619944246544,
  "CODE_GENDER": 1.0,
  "DAYS_ID_PUBLISH": -10183.7727647876,
  "DAYS_LAST_PHONE_CHANGE": -15007.99302764038,
  "DAYS_REGISTRATION": -17354.10441473594,
  "EXT_SOURCE_2": 7.406704214510772,
  "FLAG_DOCUMENT_3": 0.0,
  "INCOME_PER_PERSON": 8.77844792706143,
  "INSTAL_AMT_PAYMENT_MEDIAN": 400280.8659818655,
  "INSTAL_AMT_PAYMENT_MIN": 465159.56294486084,
  "INSTAL_DAYS_ENTRY_PAYMENT_MAX": -6346.991595532685,
  "INSTAL_DAYS_ENTRY_PAYMENT_MEDIAN": -18407.322823738876,
  "INSTAL_DBD_MEAN": 5.728975442864526,
  "NAME_EDUCATION_TYPE_Secondary / secondary special": 4.4603975030726986,
  "NAME_INCOME_TYPE_Working": 6.463935542495724,
  "OCCUPATION_TYPE_Laborers": 8.351557244581734,
  "PAYMENT_RATE": 0.12477612064389376,
  "PREV_AMT_ANNUITY_MIN": 423235.4775786813,
  "PREV_APP_CREDIT_PERC_MEDIAN": 21780.737821779472,
  "PREV_CNT_PAYMENT_MEAN": 6.023862976140277,
  "PREV_CODE_REJECT_REASON_LIMIT_MEAN": 1.0,
  "PREV_CODE_REJECT_REASON_SCOFR_MEAN": 1.0,
  "PREV_DAYS_DECISION_MAX": -3821.391624325046,
  "PREV_HOUR_APPR_PROCESS_START_MEAN": 8.096453360635845,
  "PREV_NAME_CONTRACT_STATUS_Refused_MEAN": 0.39500800738244246,
  "PREV_NAME_CONTRACT_TYPE_Revolving loans_MEAN": 5.248974006213414,
  "PREV_NAME_PRODUCT_TYPE_walk-in_MEAN": 2.7485868889642804,
  "PREV_NAME_YIELD_GROUP_low_normal_MEAN": 2.1646965101908955,
  "PREV_PRODUCT_COMBINATION_Cash X-Sell: high_MEAN": 0.4744262586180248,
  "REGION_POPULATION_RELATIVE": 2.9688084002081148,
  "REGION_RATING_CLIENT_W_CITY": 8.967458460425682,
  "REG_CITY_NOT_LIVE_CITY": 9.668014218655875,
  "REG_CITY_NOT_WORK_CITY": 3.066164907402876,
  "BURO_DAYS_CREDIT_ENDDATE_MEAN_pow0_5": -5570.096243327618,
  "BURO_DAYS_CREDIT_MEAN_pow0_5": -12650.041471575027,
  "DAYS_BIRTH_pow2": -15075.3768519839,
  "SK_ID_CURR_pow2": 2.4708627076407974
}